{
  "entries": [
    {"id":1,"date":"1996-01-01T07:00:00.000Z","weight":165,"bodyfat":0.20},
    {"id":2,"date":"1996-01-02T07:00:00.000Z","weight":164,"bodyfat":0.19},
    {"id":3,"date":"1996-01-03T07:00:00.000Z","weight":164,"bodyfat":0.19},
    {"id":4,"date":"1996-01-12T07:00:00.000Z","weight":161,"bodyfat":0.18},
    {"id":5,"date":"1995-12-31T07:00:00.000Z","weight":167,"bodyfat":0.20},
    {"id":6,"date":"1995-12-01T07:00:00.000Z","weight":161,"bodyfat":0.18}
  ],
  "settings": {
    "trackBodyFat": true
  },
  "comments": [
    {
      "commenter": "Bob",
      "comment": "Great job!!"
    },
    {
      "commenter": "Alex",
      "comment": "Your progress is inspiring!"
    },
    {
      "commenter": "Sherry",
      "comment": "Way to go so far!"
    },
    {
      "commenter": "Nicole",
      "comment": "Keep it up!"
    },
    {
      "commenter": "John",
      "comment": "How is the diet going?"
    }
  ]
}